id;g_datetime;g_desc;player_name_1;player_name_2;player_name_3;player_name_4;user_id
1;2022-10-03T05:32:52;Security enterprise;program Berkshire;Configuration action-items;coherent Idaho;input composite parsing;1
2;2022-10-03T13:57:25;Dynamic;transparent copy;Auto transmit;Global;Avon;2
3;2022-10-04T03:41:15;Developer National;reciprocal;Plastic deposit Corporate;Manager Credit firewall;Keyboard synthesizing;2
4;2022-10-03T09:57:44;4th;transmitting Cambridgeshire;Legacy even-keeled;Market JBOD;Group multi-state;1
5;2022-10-03T14:31:28;Data Tasty Central;Product bypassing;Borders indigo;morph;invoice Beauty Iraqi;2
6;2022-10-03T16:33:53;panel Arkansas;Pants;Intelligent Direct;Sweden Unbranded Plastic;redefine;1
7;2022-10-03T13:21:00;port grid-enabled;Table Incredible multi-state;actuating AI;Wooden array;array Connecticut;2
8;2022-10-03T19:18:11;navigate;Canadian asynchronous haptic;firewall;attitude;Account white Reduced;2
9;2022-10-03T17:04:34;Liaison streamline;Proactive;Accounts Tools Branding;Shirt mindshare;Checking;1
10;2022-10-03T17:24:48;Granite compressing;moderator Sleek Steel;Niue;Bedfordshire withdrawal programming;full-range background;1
